Workbook

Sheet 1. CÁLCULO CONSOLIDADO
D1: UNIVERSIDAD DE INVESTIGACIÓN DE TECNOLOGÍA EXPERIMENTAL YACHAY | W1: Código: GTH-DGTH-PRD-003-FO-006
D2: CÁLCULO CONSOLIDADO PARA EL PAGO DE HORAS SUPLEMENTARIAS Y EXTRAORDINARIAS
D3: PERSONAL DE CÓDIGO DE TRABAJO
H4: DIRECCIÓN GENERAL ADMINISTRATIVA
I5: ENERO | K5: 2025
B7: MES Y AÑO: ENERO 2024 | G7: HORAS SUPLEMENTARIAS | P7: HORAS EXTRAORDIANRIAS
A8: No. | B8: Régimen Laboral | C8: CÉDULA | D8: APELLIDOS Y NOMBRES | E8: CARGO OCUPACIONAL | F8: RMU | G8: Horas Suplementarias (hh:mm) | H8: No. Horas | I8: No. Minutos | J8: Valor hora del minuto | K8: Total en Horas | L8: RMU/240 | M8: 50% Adicional | N8: Valor Hora | O8: Valor a Pagar | P8: Horas Extraodinarias (hh:mm) | Q8: No. Horas | R8: No. Minutos | S8: Valor hora del minuto | T8: Total en Horas | U8: RMU/240 | V8: 100% adicional | W8: Valor hora | X8: Valor a Pagar | Y8: TOTAL A PAGAR
A9: 1 | B9: 1.CONTRATOS CODIGO DE TRABAJO | C9: - | D9: - | E9: - | H9: =HOUR(G9) -> 0 | I9: =MINUTE(G9) -> 0 | J9: =ROUND(I9/60,2) -> 0 | K9: =H9+J9 -> 0 | L9: =ROUND(F9/240,2) -> 0 | M9: =ROUND(L9*50%,2) -> 0 | N9: =L9+M9 -> 0 | O9: =ROUND(K9*N9,2) -> 0 | Q9: =HOUR(P9) -> 0 | R9: =MINUTE(P9) -> 0 | S9: =ROUND(R9/60,2) -> 0 | T9: =Q9+S9 -> 0 | U9: =ROUND(F9/240,2) -> 0 | V9: =ROUND(U9*100%,2) -> 0 | W9: =ROUND(U9+V9,2) -> 0 | X9: =ROUND(W9*T9,2) -> 0 | Y9: =O9+X9 -> 0
A10: 2 | B10: 1.CONTRATOS CODIGO DE TRABAJO | C10: - | D10: - | E10: - | H10: =HOUR(G10) -> 0 | I10: =MINUTE(G10) -> 0 | J10: =ROUND(I10/60,2) -> 0 | K10: =H10+J10 -> 0 | L10: =ROUND(F10/240,2) -> 0 | M10: =ROUND(L10*50%,2) -> 0 | N10: =L10+M10 -> 0 | O10: =K10*N10 -> 0 | Q10: =HOUR(P10) -> 0 | R10: =MINUTE(P10) -> 0 | S10: =ROUND(R10/60,2) -> 0 | T10: =Q10+S10 -> 0 | U10: =ROUND(F10/240,2) -> 0 | V10: =ROUND(U10*100%,2) -> 0 | W10: =ROUND(U10+V10,2) -> 0 | X10: =ROUND(W10*T10,2) -> 0 | Y10: =O10+X10 -> 0
A11: 3 | B11: 1.CONTRATOS CODIGO DE TRABAJO | C11: - | D11: - | E11: - | H11: =HOUR(G11) -> 0 | I11: =MINUTE(G11) -> 0 | J11: =ROUND(I11/60,2) -> 0 | K11: =H11+J11 -> 0 | L11: =ROUND(F11/240,2) -> 0 | M11: =ROUND(L11*50%,2) -> 0 | N11: =L11+M11 -> 0 | O11: =K11*N11 -> 0 | Q11: =HOUR(P11) -> 0 | R11: =MINUTE(P11) -> 0 | S11: =ROUND(R11/60,2) -> 0 | T11: =Q11+S11 -> 0 | U11: =ROUND(F11/240,2) -> 0 | V11: =ROUND(U11*100%,2) -> 0 | W11: =ROUND(U11+V11,2) -> 0 | X11: =ROUND(W11*T11,2) -> 0 | Y11: =O11+X11 -> 0
A12: 4 | B12: 1.CONTRATOS CODIGO DE TRABAJO | C12: - | D12: - | E12: - | H12: =HOUR(G12) -> 0 | I12: =MINUTE(G12) -> 0 | J12: =ROUND(I12/60,2) -> 0 | K12: =H12+J12 -> 0 | L12: =ROUND(F12/240,2) -> 0 | M12: =ROUND(L12*50%,2) -> 0 | N12: =L12+M12 -> 0 | O12: =K12*N12 -> 0 | Q12: =HOUR(P12) -> 0 | R12: =MINUTE(P12) -> 0 | S12: =ROUND(R12/60,2) -> 0 | T12: =Q12+S12 -> 0 | U12: =ROUND(F12/240,2) -> 0 | V12: =ROUND(U12*100%,2) -> 0 | W12: =ROUND(U12+V12,2) -> 0 | X12: =ROUND(W12*T12,2) -> 0 | Y12: =O12+X12 -> 0
A13: 5 | B13: 1.CONTRATOS CODIGO DE TRABAJO | C13: - | D13: - | E13: - | H13: =HOUR(G13) -> 0 | I13: =MINUTE(G13) -> 0 | J13: =ROUND(I13/60,2) -> 0 | K13: =H13+J13 -> 0 | L13: =ROUND(F13/240,2) -> 0 | M13: =ROUND(L13*50%,2) -> 0 | N13: =L13+M13 -> 0 | O13: =K13*N13 -> 0 | Q13: =HOUR(P13) -> 0 | R13: =MINUTE(P13) -> 0 | S13: =ROUND(R13/60,2) -> 0 | T13: =Q13+S13 -> 0 | U13: =ROUND(F13/240,2) -> 0 | V13: =ROUND(U13*100%,2) -> 0 | W13: =ROUND(U13+V13,2) -> 0 | X13: =ROUND(W13*T13,2) -> 0 | Y13: =O13+X13 -> 0
A14: 6 | B14: 1.CONTRATOS CODIGO DE TRABAJO | C14: - | D14: - | E14: - | H14: =HOUR(G14) -> 0 | I14: =MINUTE(G14) -> 0 | J14: =ROUND(I14/60,2) -> 0 | K14: =H14+J14 -> 0 | L14: =ROUND(F14/240,2) -> 0 | M14: =ROUND(L14*50%,2) -> 0 | N14: =L14+M14 -> 0 | O14: =K14*N14 -> 0 | Q14: =HOUR(P14) -> 0 | R14: =MINUTE(P14) -> 0 | S14: =ROUND(R14/60,2) -> 0 | T14: =Q14+S14 -> 0 | U14: =ROUND(F14/240,2) -> 0 | V14: =ROUND(U14*100%,2) -> 0 | W14: =ROUND(U14+V14,2) -> 0 | X14: =ROUND(W14*T14,2) -> 0 | Y14: =O14+X14 -> 0
A15: 7 | C15: - | D15: - | E15: - | H15: =HOUR(G15) -> 0 | I15: =MINUTE(G15) -> 0 | J15: =ROUND(I15/60,2) -> 0 | K15: =H15+J15 -> 0 | L15: =ROUND(F15/240,2) -> 0 | M15: =ROUND(L15*50%,2) -> 0 | N15: =L15+M15 -> 0 | O15: =K15*N15 -> 0 | Q15: =HOUR(P15) -> 0 | R15: =MINUTE(P15) -> 0 | S15: =ROUND(R15/60,2) -> 0 | T15: =Q15+S15 -> 0 | U15: =ROUND(F15/240,2) -> 0 | V15: =ROUND(U15*100%,2) -> 0 | W15: =ROUND(U15+V15,2) -> 0 | X15: =ROUND(W15*T15,2) -> 0 | Y15: =O15+X15 -> 0
A16: 8 | C16: - | D16: - | E16: - | H16: =HOUR(G16) -> 0 | I16: =MINUTE(G16) -> 0 | J16: =ROUND(I16/60,2) -> 0 | K16: =H16+J16 -> 0 | L16: =ROUND(F16/240,2) -> 0 | M16: =ROUND(L16*50%,2) -> 0 | N16: =L16+M16 -> 0 | O16: =K16*N16 -> 0 | Q16: =HOUR(P16) -> 0 | R16: =MINUTE(P16) -> 0 | S16: =ROUND(R16/60,2) -> 0 | T16: =Q16+S16 -> 0 | U16: =ROUND(F16/240,2) -> 0 | V16: =ROUND(U16*100%,2) -> 0 | W16: =ROUND(U16+V16,2) -> 0 | X16: =ROUND(W16*T16,2) -> 0 | Y16: =O16+X16 -> 0
A17: 9 | C17: - | D17: - | E17: - | H17: =HOUR(G17) -> 0 | I17: =MINUTE(G17) -> 0 | J17: =ROUND(I17/60,2) -> 0 | K17: =H17+J17 -> 0 | L17: =ROUND(F17/240,2) -> 0 | M17: =ROUND(L17*50%,2) -> 0 | N17: =L17+M17 -> 0 | O17: =K17*N17 -> 0 | Q17: =HOUR(P17) -> 0 | R17: =MINUTE(P17) -> 0 | S17: =ROUND(R17/60,2) -> 0 | T17: =Q17+S17 -> 0 | U17: =ROUND(F17/240,2) -> 0 | V17: =ROUND(U17*100%,2) -> 0 | W17: =ROUND(U17+V17,2) -> 0 | X17: =ROUND(W17*T17,2) -> 0 | Y17: =O17+X17 -> 0
A18: 10 | C18: - | D18: - | E18: - | H18: =HOUR(G18) -> 0 | I18: =MINUTE(G18) -> 0 | J18: =ROUND(I18/60,2) -> 0 | K18: =H18+J18 -> 0 | L18: =ROUND(F18/240,2) -> 0 | M18: =ROUND(L18*50%,2) -> 0 | N18: =L18+M18 -> 0 | O18: =K18*N18 -> 0 | Q18: =HOUR(P18) -> 0 | R18: =MINUTE(P18) -> 0 | S18: =ROUND(R18/60,2) -> 0 | T18: =Q18+S18 -> 0 | U18: =ROUND(F18/240,2) -> 0 | V18: =ROUND(U18*100%,2) -> 0 | W18: =ROUND(U18+V18,2) -> 0 | X18: =ROUND(W18*T18,2) -> 0 | Y18: =O18+X18 -> 0
A19: 11 | C19: - | D19: - | E19: - | H19: =HOUR(G19) -> 0 | I19: =MINUTE(G19) -> 0 | J19: =ROUND(I19/60,2) -> 0 | K19: =H19+J19 -> 0 | L19: =ROUND(F19/240,2) -> 0 | M19: =ROUND(L19*50%,2) -> 0 | N19: =L19+M19 -> 0 | O19: =K19*N19 -> 0 | Q19: =HOUR(P19) -> 0 | R19: =MINUTE(P19) -> 0 | S19: =ROUND(R19/60,2) -> 0 | T19: =Q19+S19 -> 0 | U19: =ROUND(F19/240,2) -> 0 | V19: =ROUND(U19*100%,2) -> 0 | W19: =ROUND(U19+V19,2) -> 0 | X19: =ROUND(W19*T19,2) -> 0 | Y19: =O19+X19 -> 0
A20: 12 | C20: - | D20: - | E20: - | H20: =HOUR(G20) -> 0 | I20: =MINUTE(G20) -> 0 | J20: =ROUND(I20/60,2) -> 0 | K20: =H20+J20 -> 0 | L20: =ROUND(F20/240,2) -> 0 | M20: =ROUND(L20*50%,2) -> 0 | N20: =L20+M20 -> 0 | O20: =K20*N20 -> 0 | Q20: =HOUR(P20) -> 0 | R20: =MINUTE(P20) -> 0 | S20: =ROUND(R20/60,2) -> 0 | T20: =Q20+S20 -> 0 | U20: =ROUND(F20/240,2) -> 0 | V20: =ROUND(U20*100%,2) -> 0 | W20: =ROUND(U20+V20,2) -> 0 | X20: =ROUND(W20*T20,2) -> 0 | Y20: =O20+X20 -> 0
A21: 13 | C21: - | D21: - | E21: - | H21: =HOUR(G21) -> 0 | I21: =MINUTE(G21) -> 0 | J21: =ROUND(I21/60,2) -> 0 | K21: =H21+J21 -> 0 | L21: =ROUND(F21/240,2) -> 0 | M21: =ROUND(L21*50%,2) -> 0 | N21: =L21+M21 -> 0 | O21: =K21*N21 -> 0 | Q21: =HOUR(P21) -> 0 | R21: =MINUTE(P21) -> 0 | S21: =ROUND(R21/60,2) -> 0 | T21: =Q21+S21 -> 0 | U21: =ROUND(F21/240,2) -> 0 | V21: =ROUND(U21*100%,2) -> 0 | W21: =ROUND(U21+V21,2) -> 0 | X21: =ROUND(W21*T21,2) -> 0 | Y21: =O21+X21 -> 0
A22: 14 | C22: - | D22: - | E22: - | H22: =HOUR(G22) -> 0 | I22: =MINUTE(G22) -> 0 | J22: =ROUND(I22/60,2) -> 0 | K22: =H22+J22 -> 0 | L22: =ROUND(F22/240,2) -> 0 | M22: =ROUND(L22*50%,2) -> 0 | N22: =L22+M22 -> 0 | O22: =K22*N22 -> 0 | Q22: =HOUR(P22) -> 0 | R22: =MINUTE(P22) -> 0 | S22: =ROUND(R22/60,2) -> 0 | T22: =Q22+S22 -> 0 | U22: =ROUND(F22/240,2) -> 0 | V22: =ROUND(U22*100%,2) -> 0 | W22: =ROUND(U22+V22,2) -> 0 | X22: =ROUND(W22*T22,2) -> 0 | Y22: =O22+X22 -> 0
A23: 15 | C23: - | D23: - | E23: - | H23: =HOUR(G23) -> 0 | I23: =MINUTE(G23) -> 0 | J23: =ROUND(I23/60,2) -> 0 | K23: =H23+J23 -> 0 | L23: =ROUND(F23/240,2) -> 0 | M23: =ROUND(L23*50%,2) -> 0 | N23: =L23+M23 -> 0 | O23: =K23*N23 -> 0 | Q23: =HOUR(P23) -> 0 | R23: =MINUTE(P23) -> 0 | S23: =ROUND(R23/60,2) -> 0 | T23: =Q23+S23 -> 0 | U23: =ROUND(F23/240,2) -> 0 | V23: =ROUND(U23*100%,2) -> 0 | W23: =ROUND(U23+V23,2) -> 0 | X23: =ROUND(W23*T23,2) -> 0 | Y23: =O23+X23 -> 0
A24: 16 | C24: - | D24: - | E24: - | H24: =HOUR(G24) -> 0 | I24: =MINUTE(G24) -> 0 | J24: =ROUND(I24/60,2) -> 0 | K24: =H24+J24 -> 0 | L24: =ROUND(F24/240,2) -> 0 | M24: =ROUND(L24*50%,2) -> 0 | N24: =L24+M24 -> 0 | O24: =K24*N24 -> 0 | Q24: =HOUR(P24) -> 0 | R24: =MINUTE(P24) -> 0 | S24: =ROUND(R24/60,2) -> 0 | T24: =Q24+S24 -> 0 | U24: =ROUND(F24/240,2) -> 0 | V24: =ROUND(U24*100%,2) -> 0 | W24: =ROUND(U24+V24,2) -> 0 | X24: =ROUND(W24*T24,2) -> 0 | Y24: =O24+X24 -> 0
A25: 17 | C25: - | D25: - | E25: - | H25: =HOUR(G25) -> 0 | I25: =MINUTE(G25) -> 0 | J25: =ROUND(I25/60,2) -> 0 | K25: =H25+J25 -> 0 | L25: =ROUND(F25/240,2) -> 0 | M25: =ROUND(L25*50%,2) -> 0 | N25: =L25+M25 -> 0 | O25: =K25*N25 -> 0 | Q25: =HOUR(P25) -> 0 | R25: =MINUTE(P25) -> 0 | S25: =ROUND(R25/60,2) -> 0 | T25: =Q25+S25 -> 0 | U25: =ROUND(F25/240,2) -> 0 | V25: =ROUND(U25*100%,2) -> 0 | W25: =ROUND(U25+V25,2) -> 0 | X25: =ROUND(W25*T25,2) -> 0 | Y25: =O25+X25 -> 0
A26: 18 | C26: - | D26: - | E26: - | H26: =HOUR(G26) -> 0 | I26: =MINUTE(G26) -> 0 | J26: =ROUND(I26/60,2) -> 0 | K26: =H26+J26 -> 0 | L26: =ROUND(F26/240,2) -> 0 | M26: =ROUND(L26*50%,2) -> 0 | N26: =L26+M26 -> 0 | O26: =K26*N26 -> 0 | Q26: =HOUR(P26) -> 0 | R26: =MINUTE(P26) -> 0 | S26: =ROUND(R26/60,2) -> 0 | T26: =Q26+S26 -> 0 | U26: =ROUND(F26/240,2) -> 0 | V26: =ROUND(U26*100%,2) -> 0 | W26: =ROUND(U26+V26,2) -> 0 | X26: =ROUND(W26*T26,2) -> 0 | Y26: =O26+X26 -> 0
... A28: 20 | C28: - | D28: - | E28: - | H28: =HOUR(G28) -> 0 | I28: =MINUTE(G28) -> 0 | J28: =ROUND(I28/60,2) -> 0 | K28: =H28+J28 -> 0 | L28: =ROUND(F28/240,2) -> 0 | M28: =ROUND(L28*50%,2) -> 0 | N28: =L28+M28 -> 0 | O28: =K28*N28 -> 0 | Q28: =HOUR(P28) -> 0 | R28: =MINUTE(P28) -> 0 | S28: =ROUND(R28/60,2) -> 0 | T28: =Q28+S28 -> 0 | U28: =ROUND(F28/240,2) -> 0 | V28: =ROUND(U28*100%,2) -> 0 | W28: =ROUND(U28+V28,2) -> 0 | X28: =ROUND(W28*T28,2) -> 0 | Y28: =O28+X28 -> 0
G29: TOTAL HORAS SUPLEMENTARIAS | O29: =SUM(O9:O28) -> 0 | P29: TOTAL HORAS EXTRAORDINARIAS | X29: =SUM(X9:X28) -> 0 | Y29: =SUM(Y9:Y28) -> 0
B33: Elaborado por: | C33: Elaborado por: | H33: Revisado por: | P33: Aprobado por:
B37: Ing. Jorge Isaac Robby | C37: Nombre del Analista de TH | H37: Nombre del Analista de TH | P37: Nombre del Director de TH
B38: ANALISTA DE TALENTO HUMANO 1 | C38: ANALISTA DE TALENTO HUMANO 1 | H38: ANALISTA DE TALENTO HUMANO 1 | P38: DIRECTOR GENERAL DE TALENTO HUMANO

Sheet 2.ROL DE PAGO
D1: UNIVERSIDAD DE INVESTIGACIÓN DE TECNOLOGÍA EXPERIMENTAL YACHAY | L1: Código: GTH-DGTH-PRD-003-FO-007
D2: ROL DE PAGO DE HORAS SUPLEMENTARIAS Y EXTRAORDINARIAS
D3: PERSONAL DE CÓDIGO DE TRABAJO
F4: ='1. CÁLCULO CONSOLIDADO'!H4 -> DIRECCIÓN GENERAL ADMINISTRATIVA
G5: ='1. CÁLCULO CONSOLIDADO'!I5 -> ENERO | H5: ='1. CÁLCULO CONSOLIDADO'!K5 -> 2025
A7: Nº | B7: CÉDULA | C7: APELLIDOS Y NOMBRES | D7: CARGO OCUPACIONAL | E7: RMU | F7: TOTAL DÉCIMO TERCER SUELDO | G7: VALOR CALCULADO SUPLEMENTARIAS Y EXTRAORDINARIAS | H7: TOTAL INGRESOS | I7: APORTE INDIVIDUAL | J7: LIQUIDO A RECIBIR | K7: APORTE PATRONAL | L7: IECE | M7: SECAP
A8: ='1. CÁLCULO CONSOLIDADO'!A9 -> 1 | B8: ='1. CÁLCULO CONSOLIDADO'!C9 -> - | C8: ='1. CÁLCULO CONSOLIDADO'!D9 -> - | D8: ='1. CÁLCULO CONSOLIDADO'!E9 -> - | E8: ='1. CÁLCULO CONSOLIDADO'!F9 -> 0 | F8: =(G8/12) -> 0 | G8: ='1. CÁLCULO CONSOLIDADO'!Y9 -> 0 | H8: =ROUND(F8+G8,2) -> 0 | I8: =+ROUND(G8*9.45%,2) -> 0 | J8: =+H8-I8 -> 0 | K8: =+ROUND(G8*11.15%,2) -> 0 | L8: =+ROUND(G8*0.5%,2) -> 0 | M8: =+ROUND(G8*0.5%,2) -> 0
A9: ='1. CÁLCULO CONSOLIDADO'!A10 -> 2 | B9: ='1. CÁLCULO CONSOLIDADO'!C10 -> - | C9: ='1. CÁLCULO CONSOLIDADO'!D10 -> - | D9: ='1. CÁLCULO CONSOLIDADO'!E10 -> - | E9: ='1. CÁLCULO CONSOLIDADO'!F10 -> 0 | F9: =(G9/12) -> 0 | G9: ='1. CÁLCULO CONSOLIDADO'!Y10 -> 0 | H9: =ROUND(F9+G9,2) -> 0 | I9: =+ROUND(G9*9.45%,2) -> 0 | J9: =+H9-I9 -> 0 | K9: =+ROUND(G9*11.15%,2) -> 0 | L9: =+ROUND(G9*0.5%,2) -> 0 | M9: =+ROUND(G9*0.5%,2) -> 0
A10: ='1. CÁLCULO CONSOLIDADO'!A11 -> 3 | B10: ='1. CÁLCULO CONSOLIDADO'!C11 -> - | C10: ='1. CÁLCULO CONSOLIDADO'!D11 -> - | D10: ='1. CÁLCULO CONSOLIDADO'!E11 -> - | E10: ='1. CÁLCULO CONSOLIDADO'!F11 -> 0 | F10: =(G10/12) -> 0 | G10: ='1. CÁLCULO CONSOLIDADO'!Y11 -> 0 | H10: =ROUND(F10+G10,2) -> 0 | I10: =+ROUND(G10*9.45%,2) -> 0 | J10: =+H10-I10 -> 0 | K10: =+ROUND(G10*11.15%,2) -> 0 | L10: =+ROUND(G10*0.5%,2) -> 0 | M10: =+ROUND(G10*0.5%,2) -> 0
A11: ='1. CÁLCULO CONSOLIDADO'!A12 -> 4 | B11: ='1. CÁLCULO CONSOLIDADO'!C12 -> - | C11: ='1. CÁLCULO CONSOLIDADO'!D12 -> - | D11: ='1. CÁLCULO CONSOLIDADO'!E12 -> - | E11: ='1. CÁLCULO CONSOLIDADO'!F12 -> 0 | F11: =(G11/12) -> 0 | G11: ='1. CÁLCULO CONSOLIDADO'!Y12 -> 0 | H11: =ROUND(F11+G11,2) -> 0 | I11: =+ROUND(G11*9.45%,2) -> 0 | J11: =+H11-I11 -> 0 | K11: =+ROUND(G11*11.15%,2) -> 0 | L11: =+ROUND(G11*0.5%,2) -> 0 | M11: =+ROUND(G11*0.5%,2) -> 0
A12: ='1. CÁLCULO CONSOLIDADO'!A13 -> 5 | B12: ='1. CÁLCULO CONSOLIDADO'!C13 -> - | C12: ='1. CÁLCULO CONSOLIDADO'!D13 -> - | D12: ='1. CÁLCULO CONSOLIDADO'!E13 -> - | E12: ='1. CÁLCULO CONSOLIDADO'!F13 -> 0 | F12: =(G12/12) -> 0 | G12: ='1. CÁLCULO CONSOLIDADO'!Y13 -> 0 | H12: =ROUND(F12+G12,2) -> 0 | I12: =+ROUND(G12*9.45%,2) -> 0 | J12: =+H12-I12 -> 0 | K12: =+ROUND(G12*11.15%,2) -> 0 | L12: =+ROUND(G12*0.5%,2) -> 0 | M12: =+ROUND(G12*0.5%,2) -> 0
A13: ='1. CÁLCULO CONSOLIDADO'!A14 -> 6 | B13: ='1. CÁLCULO CONSOLIDADO'!C14 -> - | C13: ='1. CÁLCULO CONSOLIDADO'!D14 -> - | D13: ='1. CÁLCULO CONSOLIDADO'!E14 -> - | E13: ='1. CÁLCULO CONSOLIDADO'!F14 -> 0 | F13: =(G13/12) -> 0 | G13: ='1. CÁLCULO CONSOLIDADO'!Y14 -> 0 | H13: =ROUND(F13+G13,2) -> 0 | I13: =+ROUND(G13*9.45%,2) -> 0 | J13: =+H13-I13 -> 0 | K13: =+ROUND(G13*11.15%,2) -> 0 | L13: =+ROUND(G13*0.5%,2) -> 0 | M13: =+ROUND(G13*0.5%,2) -> 0
A14: ='1. CÁLCULO CONSOLIDADO'!A15 -> 7 | B14: ='1. CÁLCULO CONSOLIDADO'!C15 -> - | C14: ='1. CÁLCULO CONSOLIDADO'!D15 -> - | D14: ='1. CÁLCULO CONSOLIDADO'!E15 -> - | E14: ='1. CÁLCULO CONSOLIDADO'!F15 -> 0 | F14: =(G14/12) -> 0 | G14: ='1. CÁLCULO CONSOLIDADO'!Y15 -> 0 | H14: =ROUND(F14+G14,2) -> 0 | I14: =+ROUND(G14*9.45%,2) -> 0 | J14: =+H14-I14 -> 0 | K14: =+ROUND(G14*11.15%,2) -> 0 | L14: =+ROUND(G14*0.5%,2) -> 0 | M14: =+ROUND(G14*0.5%,2) -> 0
A15: ='1. CÁLCULO CONSOLIDADO'!A16 -> 8 | B15: ='1. CÁLCULO CONSOLIDADO'!C16 -> - | C15: ='1. CÁLCULO CONSOLIDADO'!D16 -> - | D15: ='1. CÁLCULO CONSOLIDADO'!E16 -> - | E15: ='1. CÁLCULO CONSOLIDADO'!F16 -> 0 | F15: =(G15/12) -> 0 | G15: ='1. CÁLCULO CONSOLIDADO'!Y16 -> 0 | H15: =ROUND(F15+G15,2) -> 0 | I15: =+ROUND(G15*9.45%,2) -> 0 | J15: =+H15-I15 -> 0 | K15: =+ROUND(G15*11.15%,2) -> 0 | L15: =+ROUND(G15*0.5%,2) -> 0 | M15: =+ROUND(G15*0.5%,2) -> 0
A16: ='1. CÁLCULO CONSOLIDADO'!A17 -> 9 | B16: ='1. CÁLCULO CONSOLIDADO'!C17 -> - | C16: ='1. CÁLCULO CONSOLIDADO'!D17 -> - | D16: ='1. CÁLCULO CONSOLIDADO'!E17 -> - | E16: ='1. CÁLCULO CONSOLIDADO'!F17 -> 0 | F16: =(G16/12) -> 0 | G16: ='1. CÁLCULO CONSOLIDADO'!Y17 -> 0 | H16: =ROUND(F16+G16,2) -> 0 | I16: =+ROUND(G16*9.45%,2) -> 0 | J16: =+H16-I16 -> 0 | K16: =+ROUND(G16*11.15%,2) -> 0 | L16: =+ROUND(G16*0.5%,2) -> 0 | M16: =+ROUND(G16*0.5%,2) -> 0
A17: ='1. CÁLCULO CONSOLIDADO'!A18 -> 10 | B17: ='1. CÁLCULO CONSOLIDADO'!C18 -> - | C17: ='1. CÁLCULO CONSOLIDADO'!D18 -> - | D17: ='1. CÁLCULO CONSOLIDADO'!E18 -> - | E17: ='1. CÁLCULO CONSOLIDADO'!F18 -> 0 | F17: =(G17/12) -> 0 | G17: ='1. CÁLCULO CONSOLIDADO'!Y18 -> 0 | H17: =ROUND(F17+G17,2) -> 0 | I17: =+ROUND(G17*9.45%,2) -> 0 | J17: =+H17-I17 -> 0 | K17: =+ROUND(G17*11.15%,2) -> 0 | L17: =+ROUND(G17*0.5%,2) -> 0 | M17: =+ROUND(G17*0.5%,2) -> 0
A18: ='1. CÁLCULO CONSOLIDADO'!A19 -> 11 | B18: ='1. CÁLCULO CONSOLIDADO'!C19 -> - | C18: ='1. CÁLCULO CONSOLIDADO'!D19 -> - | D18: ='1. CÁLCULO CONSOLIDADO'!E19 -> - | E18: ='1. CÁLCULO CONSOLIDADO'!F19 -> 0 | F18: =(G18/12) -> 0 | G18: ='1. CÁLCULO CONSOLIDADO'!Y19 -> 0 | H18: =ROUND(F18+G18,2) -> 0 | I18: =+ROUND(G18*9.45%,2) -> 0 | J18: =+H18-I18 -> 0 | K18: =+ROUND(G18*11.15%,2) -> 0 | L18: =+ROUND(G18*0.5%,2) -> 0 | M18: =+ROUND(G18*0.5%,2) -> 0
A19: ='1. CÁLCULO CONSOLIDADO'!A20 -> 12 | B19: ='1. CÁLCULO CONSOLIDADO'!C20 -> - | C19: ='1. CÁLCULO CONSOLIDADO'!D20 -> - | D19: ='1. CÁLCULO CONSOLIDADO'!E20 -> - | E19: ='1. CÁLCULO CONSOLIDADO'!F20 -> 0 | F19: =(G19/12) -> 0 | G19: ='1. CÁLCULO CONSOLIDADO'!Y20 -> 0 | H19: =ROUND(F19+G19,2) -> 0 | I19: =+ROUND(G19*9.45%,2) -> 0 | J19: =+H19-I19 -> 0 | K19: =+ROUND(G19*11.15%,2) -> 0 | L19: =+ROUND(G19*0.5%,2) -> 0 | M19: =+ROUND(G19*0.5%,2) -> 0
... A27: ='1. CÁLCULO CONSOLIDADO'!A28 -> 20 | B27: ='1. CÁLCULO CONSOLIDADO'!C28 -> - | C27: ='1. CÁLCULO CONSOLIDADO'!D28 -> - | D27: ='1. CÁLCULO CONSOLIDADO'!E28 -> - | E27: ='1. CÁLCULO CONSOLIDADO'!F28 -> 0 | F27: =(G27/12) -> 0 | G27: ='1. CÁLCULO CONSOLIDADO'!Y28 -> 0 | H27: =ROUND(F27+G27,2) -> 0 | I27: =+ROUND(G27*9.45%,2) -> 0 | J27: =+H27-I27 -> 0 | K27: =+ROUND(G27*11.15%,2) -> 0 | L27: =+ROUND(G27*0.5%,2) -> 0 | M27: =+ROUND(G27*0.5%,2) -> 0
A28: TOTAL | E28: =SUM(E8:E27) -> 0 | F28: =SUM(F8:F27) -> 0 | G28: =SUM(G8:G27) -> 0 | H28: =SUM(H8:H27) -> 0 | I28: =SUM(I8:I27) -> 0 | J28: =SUM(J8:J27) -> 0 | K28: =SUM(K8:K27) -> 0 | L28: =SUM(L8:L27) -> 0 | M28: =SUM(M8:M27) -> 0
B30: Elaborado por: | E30: Revisado por: | I30: Aprobado por:
B32: Nombre del Analista de TH | E32: Nombre del Analista de TH | I32: Nombre del Director de TH
B33: ANALISTA DE TALENTO HUMANO 1 | E33: ANALISTA DE TALENTO HUMANO 1 | I33: DIRECTORA GENERAL DE TALENTO HUMANO

Sheet Hoja1
D4: ENERO | E4: 2025 | F4: COORDINACIÓN GENERAL ADMINISTRATIVA FINANCIERA
D5: FEBRERO | E5: 2026 | F5: DIRECCIÓN DE RELACIONES INTERNACIONALES
D6: MARZO | E6: 2027 | F6: DIRECCIÓN DE ACREDITACION Y ASEGURAMIENTO DE LA CALIDAD
D7: ABRIL | E7: 2028 | F7: DIRECCIÓN DE BIBLIOTECAS
D8: MAYO | E8: 2029 | F8: DIRECCIÓN DE COMUNICACIÓN Y PROMOCIÓN
D9: JUNIO | E9: 2030 | F9: DIRECCIÓN DE IDIOMAS
D10: JULIO | E10: 2031 | F10: DIRECCIÓN DE VINCULACIÓN CON LA SOCIEDAD
D11: AGOSTO | E11: 2032 | F11: DIRECCIÓN GENERAL ADMINISTRATIVA
D12: SEPTIEMBRE | E12: 2033 | F12: DIRECCIÓN GENERAL DE BIENESTAR UNIVERSITARIO
D13: OCTUBRE | E13: 2034 | F13: DIRECCIÓN GENERAL DE INVESTIGACIÓN E INNOVACIÓN
D14: NOVIEMBRE | E14: 2035 | F14: DIRECCIÓN GENERAL DE PLANIFICACIÓN Y PROCESOS
D15: DICIEMBRE | F15: DIRECCIÓN GENERAL DE POSGRADOS
F16: DIRECCIÓN GENERAL DE SERVICIOS ACADÉMICOS
F17: DIRECCIÓN GENERAL DE TALENTO HUMANO
F18: DIRECCIÓN GENERAL DE TECNOLOGÍAS DE LA INFORMACIÓN Y COMUNICACIONES
F19: DIRECCIÓN GENERAL FINANCIERA
F20: DIRECCIÓN GENERAL JURÍDICA
F21: ESCUELA DE CIENCIAS AGROPECUARIAS Y AGROINDUSTRIALES
F22: ESCUELA DE CIENCIAS BIOLÓGICAS E INGENIERÍA
F23: ESCUELA DE CIENCIAS DE LA TIERRA, ENERGÍA Y AMBIENTE
F24: ESCUELA DE CIENCIAS FÍSICAS Y NANOTECNOLOGÍA
F25: ESCUELA DE CIENCIAS MATEMÁTICAS Y COMPUTACIONALES
F26: ESCUELA DE CIENCIAS QUÍMICAS E INGENIERÍA
F27: RECTORADO
... F30: VICERRECTORADO DE INVESTIGACIÓN
