Workbook

Sheet 1. REGISTRO DE ACTIVIDADES
D1: UNIVERSIDAD DE INVESTIGACIÓN DE TECNOLOGÍA EXPERIMENTAL YACHAY | N1: Código: GTH-DGTH-PRD-003-FO-003
D2: REGISTRO MENSUAL DE ACTIVIDADES FUERA DE LA JORNADA LABORAL
A4: Mes: | E4: Año: | H4: Régimen Laboral:
A5: Apellidos y Nombres del Servidor o Trabajador: | L5: No. Identificación:
A6: Unidad Administrativa: | I6: Cargo:
A8: No. | B8: FECHA | C8: HORA ENTRADA | D8: HORA SALIDA ALMUERZO | E8: HORA ENTRADA ALMUERZO | F8: HORA SALIDA | G8: ACTIVIDAD AUTORIZADA FUERA DE LA JORNADA LABORAL (Detallar la actividad realizada) | L8: OBSERVACIÓN
B9: dd/mmm/aaaa | C9: hh:mm | D9: hh:mm | E9: hh:mm | F9: hh:mm
A10: 1 | B10: 45698 | C10: 0.33333333 | D10: 0.54166667 | E10: 0.5625 | F10: 0.79166667 | G10: elaborar memos | L10: ninguna
A11: 2 | B11: -
A12: 3 | B12: -
A13: 4 | B13: -
A14: 5 | B14: -
A15: 6 | B15: -
A16: 7 | B16: -
A17: 8 | B17: -
A18: 9 | B18: -
A19: 10 | B19: -
A20: 11 | B20: -
A21: 12 | B21: -
A22: 13 | B22: -
... A24: 15 | B24: -
C26: Elaborado por: | J26: Revisado y Aprobado por:
C27: Nombre del Servidor Público | J27: Nombre Jefe Inmediato
C28: Cargo | J28: Cargo

Sheet 2. REPORTE MENSUAL 
C1: UNIVERSIDAD DE INVESTIGACIÓN DE TECNOLOGÍA EXPERIMENTAL YACHAY | L1: Código: GTH-DGTH-PRD-003-FO-004
C2: REPORTE MENSUAL DE HORAS SUPLEMENTARIAS Y EXTRAORDINARIAS
A4: MES - AÑO EJECUTADO: | C4: ='1. REGISTRO DE ACTIVIDADES'!C4 -> 0 | D4: ='1. REGISTRO DE ACTIVIDADES'!F4 -> 0 | E4: RÉGIMEN LABORAL: | G4: ='1. REGISTRO DE ACTIVIDADES'!J4 -> 0 | I4: FECHA ELABORACIÓN DE REPORTE:
A5: APELLIDOS Y NOMBRES DEL SERVIDOR O TRABAJADOR: | E5: ='1. REGISTRO DE ACTIVIDADES'!E5 -> 0 | I5: NÚMERO DE IDENTIFICACIÓN: | K5: ='1. REGISTRO DE ACTIVIDADES'!N5 -> 0
A6: UNIDAD ADMINISTRATIVA: | C6: ='1. REGISTRO DE ACTIVIDADES'!C6 -> 0 | I6: CARGO: | J6: ='1. REGISTRO DE ACTIVIDADES'!K6 -> 0
A8: NRO. | B8: FECHA GENERA HORAS EXTRAS | C8: DÍA | D8: DÍA FERIADO | E8: JORNADA LABORAL APROBADA | G8: HORAS EFECTUADAS | I8: HORAS SUPLEMENTARIAS (Hasta 12 horas a la semana) | K8: HORAS EXTRAORDINARIAS (Fin de semana y feriados) | L8: TRABAJO EFECTUADO (Posterior a la jornada laboral)
D9: SI / NO | E9: HORA INICIO (Ej. 08:00) | F9: HORA SALIDA (Ej. 16:30) | G9: HORA INICIO | H9: HORA FIN | I9: HORAS CALCULADAS | J9: HORAS AJUSTADAS (Hasta 4 horas diarias)
A10: ='1. REGISTRO DE ACTIVIDADES'!A10 -> 1 | B10: ='1. REGISTRO DE ACTIVIDADES'!B10 -> 45698 | C10: =IF(B10>1,TEXT(B10,"Dddd"),0) -> lunes | D10: NO | E10: 0.33333333 | F10: 0.6875 | G10: =IF(F10=0,'1. REGISTRO DE ACTIVIDADES'!C10,F10+$A$45) -> 0.6875 | H10: ='1. REGISTRO DE ACTIVIDADES'!F10 -> 0.79166667 | I10: =IF(AND(D10="NO",H10-G10),IF(OR(C10="lunes",C10="martes",C10="miércoles",C10="jueves",C10="viernes"),H10-G10,0),0) -> 0.10416667 | J10: =IF(I10<0.167361,I10,0.1666666666667) -> 0.10416667 | K10: =IF(OR(C10="sábado",C10="domingo",D10="SI",C10=0),H10-G10,IF(AND('1. REGISTRO DE ACTIVIDADES'!C10<0.25,E10<=0.25),E10-'1. REGISTRO DE ACTIVIDADES'!C10,IF(AND(E10>=0.25,'1. REGISTRO DE ACTIVIDADES'!C10<0.25),0.25-'1. REGISTRO DE ACTIVIDADES'!C10,0))) -> 0 | L10: ='1. REGISTRO DE ACTIVIDADES'!G10 -> elaborar memos
A11: ='1. REGISTRO DE ACTIVIDADES'!A11 -> 2 | B11: ='1. REGISTRO DE ACTIVIDADES'!B11 -> - | C11: =IF(B11>1,TEXT(B11,"Dddd"),0) -> - | G11: =IF(F11=0,'1. REGISTRO DE ACTIVIDADES'!C11,F11+$A$45) -> 0 | H11: ='1. REGISTRO DE ACTIVIDADES'!F11 -> 0 | I11: =IF(AND(D11="NO",H11-G11),IF(OR(C11="lunes",C11="martes",C11="miércoles",C11="jueves",C11="viernes"),H11-G11,0),0) -> 0 | J11: =IF(I11<0.167361,I11,0.1666666666667) -> 0 | K11: =IF(OR(C11="sábado",C11="domingo",D11="SI",C11=0),H11-G11,IF(AND('1. REGISTRO DE ACTIVIDADES'!C11<0.25,E11<=0.25),E11-'1. REGISTRO DE ACTIVIDADES'!C11,IF(AND(E11>=0.25,'1. REGISTRO DE ACTIVIDADES'!C11<0.25),0.25-'1. REGISTRO DE ACTIVIDADES'!C11,0))) -> 0 | L11: ='1. REGISTRO DE ACTIVIDADES'!G11 -> 0
A12: ='1. REGISTRO DE ACTIVIDADES'!A12 -> 3 | B12: ='1. REGISTRO DE ACTIVIDADES'!B12 -> - | C12: =IF(B12>1,TEXT(B12,"Dddd"),0) -> - | G12: =IF(F12=0,'1. REGISTRO DE ACTIVIDADES'!C12,F12+$A$45) -> 0 | H12: ='1. REGISTRO DE ACTIVIDADES'!F12 -> 0 | I12: =IF(AND(D12="NO",H12-G12),IF(OR(C12="lunes",C12="martes",C12="miércoles",C12="jueves",C12="viernes"),H12-G12,0),0) -> 0 | J12: =IF(I12<0.167361,I12,0.1666666666667) -> 0 | K12: =IF(OR(C12="sábado",C12="domingo",D12="SI",C12=0),H12-G12,IF(AND('1. REGISTRO DE ACTIVIDADES'!C12<0.25,E12<=0.25),E12-'1. REGISTRO DE ACTIVIDADES'!C12,IF(AND(E12>=0.25,'1. REGISTRO DE ACTIVIDADES'!C12<0.25),0.25-'1. REGISTRO DE ACTIVIDADES'!C12,0))) -> 0 | L12: ='1. REGISTRO DE ACTIVIDADES'!G12 -> 0
A13: ='1. REGISTRO DE ACTIVIDADES'!A13 -> 4 | B13: ='1. REGISTRO DE ACTIVIDADES'!B13 -> - | C13: =IF(B13>1,TEXT(B13,"Dddd"),0) -> - | G13: =IF(F13=0,'1. REGISTRO DE ACTIVIDADES'!C13,F13+$A$45) -> 0 | H13: ='1. REGISTRO DE ACTIVIDADES'!F13 -> 0 | I13: =IF(AND(D13="NO",H13-G13),IF(OR(C13="lunes",C13="martes",C13="miércoles",C13="jueves",C13="viernes"),H13-G13,0),0) -> 0 | J13: =IF(I13<0.167361,I13,0.1666666666667) -> 0 | K13: =IF(OR(C13="sábado",C13="domingo",D13="SI",C13=0),H13-G13,IF(AND('1. REGISTRO DE ACTIVIDADES'!C13<0.25,E13<=0.25),E13-'1. REGISTRO DE ACTIVIDADES'!C13,IF(AND(E13>=0.25,'1. REGISTRO DE ACTIVIDADES'!C13<0.25),0.25-'1. REGISTRO DE ACTIVIDADES'!C13,0))) -> 0 | L13: ='1. REGISTRO DE ACTIVIDADES'!G13 -> 0
A14: ='1. REGISTRO DE ACTIVIDADES'!A14 -> 5 | B14: ='1. REGISTRO DE ACTIVIDADES'!B14 -> - | C14: =IF(B14>1,TEXT(B14,"Dddd"),0) -> - | G14: =IF(F14=0,'1. REGISTRO DE ACTIVIDADES'!C14,F14+$A$45) -> 0 | H14: ='1. REGISTRO DE ACTIVIDADES'!F14 -> 0 | I14: =IF(AND(D14="NO",H14-G14),IF(OR(C14="lunes",C14="martes",C14="miércoles",C14="jueves",C14="viernes"),H14-G14,0),0) -> 0 | J14: =IF(I14<0.167361,I14,0.1666666666667) -> 0 | K14: =IF(OR(C14="sábado",C14="domingo",D14="SI",C14=0),H14-G14,IF(AND('1. REGISTRO DE ACTIVIDADES'!C14<0.25,E14<=0.25),E14-'1. REGISTRO DE ACTIVIDADES'!C14,IF(AND(E14>=0.25,'1. REGISTRO DE ACTIVIDADES'!C14<0.25),0.25-'1. REGISTRO DE ACTIVIDADES'!C14,0))) -> 0 | L14: ='1. REGISTRO DE ACTIVIDADES'!G14 -> 0 | O14: 0.25
A15: ='1. REGISTRO DE ACTIVIDADES'!A15 -> 6 | B15: ='1. REGISTRO DE ACTIVIDADES'!B15 -> - | C15: =IF(B15>1,TEXT(B15,"Dddd"),0) -> - | G15: =IF(F15=0,'1. REGISTRO DE ACTIVIDADES'!C15,F15+$A$45) -> 0 | H15: ='1. REGISTRO DE ACTIVIDADES'!F15 -> 0 | I15: =IF(AND(D15="NO",H15-G15),IF(OR(C15="lunes",C15="martes",C15="miércoles",C15="jueves",C15="viernes"),H15-G15,0),0) -> 0 | J15: =IF(I15<0.167361,I15,0.1666666666667) -> 0 | K15: =IF(OR(C15="sábado",C15="domingo",D15="SI",C15=0),H15-G15,IF(AND('1. REGISTRO DE ACTIVIDADES'!C15<0.25,E15<=0.25),E15-'1. REGISTRO DE ACTIVIDADES'!C15,IF(AND(E15>=0.25,'1. REGISTRO DE ACTIVIDADES'!C15<0.25),0.25-'1. REGISTRO DE ACTIVIDADES'!C15,0))) -> 0 | L15: ='1. REGISTRO DE ACTIVIDADES'!G15 -> 0 | N15: 0.25
A16: ='1. REGISTRO DE ACTIVIDADES'!A16 -> 7 | B16: ='1. REGISTRO DE ACTIVIDADES'!B16 -> - | C16: =IF(B16>1,TEXT(B16,"Dddd"),0) -> - | G16: =IF(F16=0,'1. REGISTRO DE ACTIVIDADES'!C16,F16+$A$45) -> 0 | H16: ='1. REGISTRO DE ACTIVIDADES'!F16 -> 0 | I16: =IF(AND(D16="NO",H16-G16),IF(OR(C16="lunes",C16="martes",C16="miércoles",C16="jueves",C16="viernes"),H16-G16,0),0) -> 0 | J16: =IF(I16<0.167361,I16,0.1666666666667) -> 0 | K16: =IF(OR(C16="sábado",C16="domingo",D16="SI",C16=0),H16-G16,IF(AND('1. REGISTRO DE ACTIVIDADES'!C16<0.25,E16<=0.25),E16-'1. REGISTRO DE ACTIVIDADES'!C16,IF(AND(E16>=0.25,'1. REGISTRO DE ACTIVIDADES'!C16<0.25),0.25-'1. REGISTRO DE ACTIVIDADES'!C16,0))) -> 0 | L16: ='1. REGISTRO DE ACTIVIDADES'!G17 -> 0
A17: ='1. REGISTRO DE ACTIVIDADES'!A17 -> 8 | B17: ='1. REGISTRO DE ACTIVIDADES'!B17 -> - | C17: =IF(B17>1,TEXT(B17,"Dddd"),0) -> - | G17: =IF(F17=0,'1. REGISTRO DE ACTIVIDADES'!C17,F17+$A$45) -> 0 | H17: ='1. REGISTRO DE ACTIVIDADES'!F17 -> 0 | I17: =IF(AND(D17="NO",H17-G17),IF(OR(C17="lunes",C17="martes",C17="miércoles",C17="jueves",C17="viernes"),H17-G17,0),0) -> 0 | J17: =IF(I17<0.167361,I17,0.1666666666667) -> 0 | K17: =IF(OR(C17="sábado",C17="domingo",D17="SI",C17=0),H17-G17,IF(AND('1. REGISTRO DE ACTIVIDADES'!C17<0.25,E17<=0.25),E17-'1. REGISTRO DE ACTIVIDADES'!C17,IF(AND(E17>=0.25,'1. REGISTRO DE ACTIVIDADES'!C17<0.25),0.25-'1. REGISTRO DE ACTIVIDADES'!C17,0))) -> 0 | L17: ='1. REGISTRO DE ACTIVIDADES'!G18 -> 0
A18: ='1. REGISTRO DE ACTIVIDADES'!A18 -> 9 | B18: ='1. REGISTRO DE ACTIVIDADES'!B18 -> - | C18: =IF(B18>1,TEXT(B18,"Dddd"),0) -> - | G18: =IF(F18=0,'1. REGISTRO DE ACTIVIDADES'!C18,F18+$A$45) -> 0 | H18: ='1. REGISTRO DE ACTIVIDADES'!F18 -> 0 | I18: =IF(AND(D18="NO",H18-G18),IF(OR(C18="lunes",C18="martes",C18="miércoles",C18="jueves",C18="viernes"),H18-G18,0),0) -> 0 | J18: =IF(I18<0.167361,I18,0.1666666666667) -> 0 | K18: =IF(OR(C18="sábado",C18="domingo",D18="SI",C18=0),H18-G18,IF(AND('1. REGISTRO DE ACTIVIDADES'!C18<0.25,E18<=0.25),E18-'1. REGISTRO DE ACTIVIDADES'!C18,IF(AND(E18>=0.25,'1. REGISTRO DE ACTIVIDADES'!C18<0.25),0.25-'1. REGISTRO DE ACTIVIDADES'!C18,0))) -> 0 | L18: ='1. REGISTRO DE ACTIVIDADES'!G19 -> 0 | N18: 0.16666667 | O18: 0.16666667
A19: ='1. REGISTRO DE ACTIVIDADES'!A19 -> 10 | B19: ='1. REGISTRO DE ACTIVIDADES'!B19 -> - | C19: =IF(B19>1,TEXT(B19,"Dddd"),0) -> - | G19: =IF(F19=0,'1. REGISTRO DE ACTIVIDADES'!C19,F19+$A$45) -> 0 | H19: ='1. REGISTRO DE ACTIVIDADES'!F19 -> 0 | I19: =IF(AND(D19="NO",H19-G19),IF(OR(C19="lunes",C19="martes",C19="miércoles",C19="jueves",C19="viernes"),H19-G19,0),0) -> 0 | J19: =IF(I19<0.167361,I19,0.1666666666667) -> 0 | K19: =IF(OR(C19="sábado",C19="domingo",D19="SI",C19=0),H19-G19,IF(AND('1. REGISTRO DE ACTIVIDADES'!C19<0.25,E19<=0.25),E19-'1. REGISTRO DE ACTIVIDADES'!C19,IF(AND(E19>=0.25,'1. REGISTRO DE ACTIVIDADES'!C19<0.25),0.25-'1. REGISTRO DE ACTIVIDADES'!C19,0))) -> 0 | L19: ='1. REGISTRO DE ACTIVIDADES'!G20 -> 0 | N19: 0.33333333 | O19: 0.33333333
A20: ='1. REGISTRO DE ACTIVIDADES'!A20 -> 11 | B20: ='1. REGISTRO DE ACTIVIDADES'!B20 -> - | C20: =IF(B20>1,TEXT(B20,"Dddd"),0) -> - | G20: =IF(F20=0,'1. REGISTRO DE ACTIVIDADES'!C20,F20+$A$45) -> 0 | H20: ='1. REGISTRO DE ACTIVIDADES'!F20 -> 0 | I20: =IF(AND(D20="NO",H20-G20),IF(OR(C20="lunes",C20="martes",C20="miércoles",C20="jueves",C20="viernes"),H20-G20,0),0) -> 0 | J20: =IF(I20<0.167361,I20,0.1666666666667) -> 0 | K20: =IF(OR(C20="sábado",C20="domingo",D20="SI",C20=0),H20-G20,IF(AND('1. REGISTRO DE ACTIVIDADES'!C20<0.25,E20<=0.25),E20-'1. REGISTRO DE ACTIVIDADES'!C20,IF(AND(E20>=0.25,'1. REGISTRO DE ACTIVIDADES'!C20<0.25),0.25-'1. REGISTRO DE ACTIVIDADES'!C20,0))) -> 0 | L20: ='1. REGISTRO DE ACTIVIDADES'!G21 -> 0
A21: ='1. REGISTRO DE ACTIVIDADES'!A21 -> 12 | B21: ='1. REGISTRO DE ACTIVIDADES'!B21 -> - | C21: =IF(B21>1,TEXT(B21,"Dddd"),0) -> - | G21: =IF(F21=0,'1. REGISTRO DE ACTIVIDADES'!C21,F21+$A$45) -> 0 | H21: ='1. REGISTRO DE ACTIVIDADES'!F21 -> 0 | I21: =IF(AND(D21="NO",H21-G21),IF(OR(C21="lunes",C21="martes",C21="miércoles",C21="jueves",C21="viernes"),H21-G21,0),0) -> 0 | J21: =IF(I21<0.167361,I21,0.1666666666667) -> 0 | K21: =IF(OR(C21="sábado",C21="domingo",D21="SI",C21=0),H21-G21,IF(AND('1. REGISTRO DE ACTIVIDADES'!C21<0.25,E21<=0.25),E21-'1. REGISTRO DE ACTIVIDADES'!C21,IF(AND(E21>=0.25,'1. REGISTRO DE ACTIVIDADES'!C21<0.25),0.25-'1. REGISTRO DE ACTIVIDADES'!C21,0))) -> 0 | L21: ='1. REGISTRO DE ACTIVIDADES'!G22 -> 0
A22: ='1. REGISTRO DE ACTIVIDADES'!A22 -> 13 | B22: ='1. REGISTRO DE ACTIVIDADES'!B22 -> - | C22: =IF(B22>1,TEXT(B22,"Dddd"),0) -> - | G22: =IF(F22=0,'1. REGISTRO DE ACTIVIDADES'!C22,F22+$A$45) -> 0 | H22: ='1. REGISTRO DE ACTIVIDADES'!F22 -> 0 | I22: =IF(AND(D22="NO",H22-G22),IF(OR(C22="lunes",C22="martes",C22="miércoles",C22="jueves",C22="viernes"),H22-G22,0),0) -> 0 | J22: =IF(I22<0.167361,I22,0.1666666666667) -> 0 | K22: =IF(OR(C22="sábado",C22="domingo",D22="SI",C22=0),H22-G22,IF(AND('1. REGISTRO DE ACTIVIDADES'!C22<0.25,E22<=0.25),E22-'1. REGISTRO DE ACTIVIDADES'!C22,IF(AND(E22>=0.25,'1. REGISTRO DE ACTIVIDADES'!C22<0.25),0.25-'1. REGISTRO DE ACTIVIDADES'!C22,0))) -> 0 | L22: ='1. REGISTRO DE ACTIVIDADES'!G23 -> 0
A23: ='1. REGISTRO DE ACTIVIDADES'!A23 -> 14 | B23: ='1. REGISTRO DE ACTIVIDADES'!B23 -> - | C23: =IF(B23>1,TEXT(B23,"Dddd"),0) -> - | G23: =IF(F23=0,'1. REGISTRO DE ACTIVIDADES'!C23,F23+$A$45) -> 0 | H23: ='1. REGISTRO DE ACTIVIDADES'!F23 -> 0 | I23: =IF(AND(D23="NO",H23-G23),IF(OR(C23="lunes",C23="martes",C23="miércoles",C23="jueves",C23="viernes"),H23-G23,0),0) -> 0 | J23: =IF(I23<0.167361,I23,0.1666666666667) -> 0 | K23: =IF(OR(C23="sábado",C23="domingo",D23="SI",C23=0),H23-G23,IF(AND('1. REGISTRO DE ACTIVIDADES'!C23<0.25,E23<=0.25),E23-'1. REGISTRO DE ACTIVIDADES'!C23,IF(AND(E23>=0.25,'1. REGISTRO DE ACTIVIDADES'!C23<0.25),0.25-'1. REGISTRO DE ACTIVIDADES'!C23,0))) -> 0 | L23: ='1. REGISTRO DE ACTIVIDADES'!G24 -> 0
A24: ='1. REGISTRO DE ACTIVIDADES'!A24 -> 15 | B24: ='1. REGISTRO DE ACTIVIDADES'!B24 -> - | C24: =IF(B24>1,TEXT(B24,"Dddd"),0) -> - | G24: =IF(F24=0,'1. REGISTRO DE ACTIVIDADES'!C24,F24+$A$45) -> 0 | H24: ='1. REGISTRO DE ACTIVIDADES'!F24 -> 0 | I24: =IF(AND(D24="NO",H24-G24),IF(OR(C24="lunes",C24="martes",C24="miércoles",C24="jueves",C24="viernes"),H24-G24,0),0) -> 0 | J24: =IF(I24<0.167361,I24,0.1666666666667) -> 0 | K24: =IF(OR(C24="sábado",C24="domingo",D24="SI",C24=0),H24-G24,IF(AND('1. REGISTRO DE ACTIVIDADES'!C24<0.25,E24<=0.25),E24-'1. REGISTRO DE ACTIVIDADES'!C24,IF(AND(E24>=0.25,'1. REGISTRO DE ACTIVIDADES'!C24<0.25),0.25-'1. REGISTRO DE ACTIVIDADES'!C24,0))) -> 0 | L24: ='1. REGISTRO DE ACTIVIDADES'!G25 -> 0
A25: SUBTOTALES | J25: =SUM(J10:J24) -> 0.10416667 | K25: =SUM(K10:K24) -> 0
A26: TOTAL GENERAL ENTRE SUPLEMENTARIAS Y EXTRAORDIANRIAS | J26: =J25+K25 -> 0.10416667 | L26: =IF(AND(G4="LOSEP",J26>0.833333333),"¡SUPERA LAS 20 HORAS TOTALES!",IF(AND(G4="CÓDIGO DE TRABAJO",J25>2),"¡SUPERA LAS 48 HORAS SUPLEMENTARIAS!","¡VERIFICAR HORAS SEMANALES!")) -> ¡VERIFICAR HORAS SEMANALES!
C28: Elaborado por: | I28: Aprobado por:
C29: Nombre del Servidor Público | I29: Nombre del Jefe Inmediato
C30: Cargo | I30: Jefe Inmediato

Sheet Hoja2
B2: MESES | C2: AÑOS | D2: REGIMEN | F2: FERIADO | G2: JORNADAS
B3: ENERO | C3: 2025 | D3: CÓDIGO DE TRABAJO | E3: Coordinación General Administrativa Financiera | F3: SI | G3: 0 | H3: 0
B4: FEBRERO | C4: 2026 | D4: LOSEP | E4: Dirección de Relaciones Internacionales | F4: NO | G4: 0.20833333 | H4: 0.5625
B5: MARZO | C5: 2027 | E5: Dirección de Acreditación y Aseguramiento de la Calidad | G5: 0.25 | H5: 0.60416667
B6: ABRIL | C6: 2028 | E6: Dirección de Bibliotecas | G6: 0.33333333 | H6: 0.6875
B7: MAYO | C7: 2029 | E7: Dirección de Comunicación y Promoción | G7: 0.41666667 | H7: 0.77083333
B8: JUNIO | C8: 2030 | E8: Dirección de Idiomas | G8: 0.5 | H8: 0.85416667
B9: JULIO | C9: 2031 | E9: Dirección de Vinculación con la Sociedad
B10: AGOSTO | C10: 2032 | E10: Dirección General Administrativa
B11: SEPTIEMBRE | C11: 2033 | E11: Dirección General de Bienestar Universitario
B12: OCTUBRE | C12: 2034 | E12: Dirección General de Investigación e Innovación
B13: NOVIEMBRE | C13: 2035 | E13: Dirección General de Planificación y Procesos
B14: DICIEMBRE | E14: Dirección General de Posgrados
E15: Dirección General de Servicios Académicos
E16: Dirección General de Talento Humano
E17: Dirección General de Tecnologías de la Información y Comunicaciones
E18: Dirección General Financiera
E19: Dirección General Jurídica
E20: Escuela de Ciencias Agropecuarias y Agroindustriales
E21: Escuela de Ciencias Biológicas e Ingeniería
E22: Escuela de Ciencias de la Tierra, Energía y Ambiente
E23: Escuela de Ciencias Físicas y Nanotecnología
E24: Escuela de Ciencias Matemáticas y Computacionales
E25: Escuela de Ciencias Químicas e Ingeniería
E26: Rectorado
... E29: Vicerrectorado de Investigación
