Workbook

Sheet 1.CÁLCULO CONSOLIDADO
D1: UNIVERSIDAD DE INVESTIGACIÓN DE TECNOLOGÍA EXPERIMENTAL YACHAY | AE1: Código: GTH-DGTH-PRD-003-FO-006
D2: CÁLCULO CONSOLIDADO PARA EL PAGO DE HORAS SUPLEMENTARIAS Y EXTRAORDINARIAS
D3: PERSONAL RÉGIMEN LOSEP
O4: DIRECCIÓN GENERAL DE PLANIFICACIÓN Y PROCESOS
P5: JULIO | R5: 2029
F7: HORAS SUPLEMENTARIAS | O7: HORAS EXTRAORDINARIAS 60% | X7: HORAS EXTRAORDINARIAS 100%
A8: No. | B8: Cédula | C8: Apellidos y Nombres | D8: Cargo | E8: RMU | F8: Horas Suplementarias (hh:mm) | G8: No. Horas | H8: No. Minutos | I8: Valor hora minuto | J8: Total en Horas | K8: RMU/240 | L8: 25% Adicional | M8: Valor hora | N8: Valor a Pagar | O8: Horas Extraordinarias (hh:mm) | P8: No. Horas | Q8: No. Minutos | R8: Valor hora minuto | S8: Total en Horas | T8: RMU/240 | U8: 60% adicional | V8: Valor hora | W8: Valor a Pagar | X8: Horas Extraordinarias (hh:mm) | Y8: No. Horas | Z8: No. Minutos | AA8: Valor hora minuto | AB8: Total en Horas | AC8: RMU/240 | AD8: 100% adicional | AE8: Valor hora | AF8: Valor a Pagar | AG8: TOTAL A PAGAR
A9: 1 | B9: - | C9: - | D9: - | G9: =HOUR(F9) -> 0 | H9: =MINUTE(F9) -> 0 | I9: =ROUND(H9/60,2) -> 0 | J9: =G9+I9 -> 0 | K9: =ROUND(E9/240,2) -> 0 | L9: =ROUND(K9*25%,2) -> 0 | M9: =K9+L9 -> 0 | N9: =ROUND(J9*M9,2) -> 0 | P9: =HOUR(O9) -> 0 | Q9: =MINUTE(O9) -> 0 | R9: =ROUND(Q9/60,2) -> 0 | S9: =P9+R9 -> 0 | T9: =ROUND(E9/240,2) -> 0 | U9: =ROUND(T9*60%,2) -> 0 | V9: =ROUND(T9+U9,2) -> 0 | W9: =V9*S9 -> 0 | Y9: =HOUR(X9) -> 0 | Z9: =MINUTE(X9) -> 0 | AA9: =ROUND(Z9/60,2) -> 0 | AB9: =Y9+AA9 -> 0 | AC9: =ROUND(E9/240,2) -> 0 | AD9: =ROUND(AC9*100%,2) -> 0 | AE9: =ROUND(AC9+AD9,2) -> 0 | AF9: =AE9*AB9 -> 0 | AG9: =N9+W9+AF9 -> 0
A10: 2 | B10: - | C10: - | D10: - | G10: =HOUR(F10) -> 0 | H10: =MINUTE(F10) -> 0 | I10: =ROUND(H10/60,2) -> 0 | J10: =G10+I10 -> 0 | K10: =ROUND(E10/240,2) -> 0 | L10: =ROUND(K10*25%,2) -> 0 | M10: =K10+L10 -> 0 | N10: =ROUND(J10*M10,2) -> 0 | P10: =HOUR(O10) -> 0 | Q10: =MINUTE(O10) -> 0 | R10: =ROUND(Q10/60,2) -> 0 | S10: =P10+R10 -> 0 | T10: =ROUND(E10/240,2) -> 0 | U10: =ROUND(T10*60%,2) -> 0 | V10: =ROUND(T10+U10,2) -> 0 | W10: =V10*S10 -> 0 | Y10: =HOUR(X10) -> 0 | Z10: =MINUTE(X10) -> 0 | AA10: =ROUND(Z10/60,2) -> 0 | AB10: =Y10+AA10 -> 0 | AC10: =ROUND(E10/240,2) -> 0 | AD10: =ROUND(AC10*100%,2) -> 0 | AE10: =ROUND(AC10+AD10,2) -> 0 | AF10: =AE10*AB10 -> 0 | AG10: =N10+W10+AF10 -> 0
A11: 3 | B11: - | C11: - | D11: - | G11: =HOUR(F11) -> 0 | H11: =MINUTE(F11) -> 0 | I11: =ROUND(H11/60,2) -> 0 | J11: =G11+I11 -> 0 | K11: =ROUND(E11/240,2) -> 0 | L11: =ROUND(K11*25%,2) -> 0 | M11: =K11+L11 -> 0 | N11: =ROUND(J11*M11,2) -> 0 | P11: =HOUR(O11) -> 0 | Q11: =MINUTE(O11) -> 0 | R11: =ROUND(Q11/60,2) -> 0 | S11: =P11+R11 -> 0 | T11: =ROUND(E11/240,2) -> 0 | U11: =ROUND(T11*60%,2) -> 0 | V11: =ROUND(T11+U11,2) -> 0 | W11: =V11*S11 -> 0 | Y11: =HOUR(X11) -> 0 | Z11: =MINUTE(X11) -> 0 | AA11: =ROUND(Z11/60,2) -> 0 | AB11: =Y11+AA11 -> 0 | AC11: =ROUND(E11/240,2) -> 0 | AD11: =ROUND(AC11*100%,2) -> 0 | AE11: =ROUND(AC11+AD11,2) -> 0 | AF11: =AE11*AB11 -> 0 | AG11: =N11+W11+AF11 -> 0
A12: 4 | B12: - | C12: - | D12: - | G12: =HOUR(F12) -> 0 | H12: =MINUTE(F12) -> 0 | I12: =ROUND(H12/60,2) -> 0 | J12: =G12+I12 -> 0 | K12: =ROUND(E12/240,2) -> 0 | L12: =ROUND(K12*25%,2) -> 0 | M12: =K12+L12 -> 0 | N12: =ROUND(J12*M12,2) -> 0 | P12: =HOUR(O12) -> 0 | Q12: =MINUTE(O12) -> 0 | R12: =ROUND(Q12/60,2) -> 0 | S12: =P12+R12 -> 0 | T12: =ROUND(E12/240,2) -> 0 | U12: =ROUND(T12*60%,2) -> 0 | V12: =ROUND(T12+U12,2) -> 0 | W12: =V12*S12 -> 0 | Y12: =HOUR(X12) -> 0 | Z12: =MINUTE(X12) -> 0 | AA12: =ROUND(Z12/60,2) -> 0 | AB12: =Y12+AA12 -> 0 | AC12: =ROUND(E12/240,2) -> 0 | AD12: =ROUND(AC12*100%,2) -> 0 | AE12: =ROUND(AC12+AD12,2) -> 0 | AF12: =AE12*AB12 -> 0 | AG12: =N12+W12+AF12 -> 0
A13: 5 | B13: - | C13: - | D13: - | G13: =HOUR(F13) -> 0 | H13: =MINUTE(F13) -> 0 | I13: =ROUND(H13/60,2) -> 0 | J13: =G13+I13 -> 0 | K13: =ROUND(E13/240,2) -> 0 | L13: =ROUND(K13*25%,2) -> 0 | M13: =K13+L13 -> 0 | N13: =ROUND(J13*M13,2) -> 0 | P13: =HOUR(O13) -> 0 | Q13: =MINUTE(O13) -> 0 | R13: =ROUND(Q13/60,2) -> 0 | S13: =P13+R13 -> 0 | T13: =ROUND(E13/240,2) -> 0 | U13: =ROUND(T13*60%,2) -> 0 | V13: =ROUND(T13+U13,2) -> 0 | W13: =V13*S13 -> 0 | Y13: =HOUR(X13) -> 0 | Z13: =MINUTE(X13) -> 0 | AA13: =ROUND(Z13/60,2) -> 0 | AB13: =Y13+AA13 -> 0 | AC13: =ROUND(E13/240,2) -> 0 | AD13: =ROUND(AC13*100%,2) -> 0 | AE13: =ROUND(AC13+AD13,2) -> 0 | AF13: =AE13*AB13 -> 0 | AG13: =N13+W13+AF13 -> 0
A14: 6 | B14: - | C14: - | D14: - | G14: =HOUR(F14) -> 0 | H14: =MINUTE(F14) -> 0 | I14: =ROUND(H14/60,2) -> 0 | J14: =G14+I14 -> 0 | K14: =ROUND(E14/240,2) -> 0 | L14: =ROUND(K14*25%,2) -> 0 | M14: =K14+L14 -> 0 | N14: =ROUND(J14*M14,2) -> 0 | P14: =HOUR(O14) -> 0 | Q14: =MINUTE(O14) -> 0 | R14: =ROUND(Q14/60,2) -> 0 | S14: =P14+R14 -> 0 | T14: =ROUND(E14/240,2) -> 0 | U14: =ROUND(T14*60%,2) -> 0 | V14: =ROUND(T14+U14,2) -> 0 | W14: =V14*S14 -> 0 | Y14: =HOUR(X14) -> 0 | Z14: =MINUTE(X14) -> 0 | AA14: =ROUND(Z14/60,2) -> 0 | AB14: =Y14+AA14 -> 0 | AC14: =ROUND(E14/240,2) -> 0 | AD14: =ROUND(AC14*100%,2) -> 0 | AE14: =ROUND(AC14+AD14,2) -> 0 | AF14: =AE14*AB14 -> 0 | AG14: =N14+W14+AF14 -> 0
A15: 7 | B15: - | C15: - | D15: - | G15: =HOUR(F15) -> 0 | H15: =MINUTE(F15) -> 0 | I15: =ROUND(H15/60,2) -> 0 | J15: =G15+I15 -> 0 | K15: =ROUND(E15/240,2) -> 0 | L15: =ROUND(K15*25%,2) -> 0 | M15: =K15+L15 -> 0 | N15: =ROUND(J15*M15,2) -> 0 | P15: =HOUR(O15) -> 0 | Q15: =MINUTE(O15) -> 0 | R15: =ROUND(Q15/60,2) -> 0 | S15: =P15+R15 -> 0 | T15: =ROUND(E15/240,2) -> 0 | U15: =ROUND(T15*60%,2) -> 0 | V15: =ROUND(T15+U15,2) -> 0 | W15: =V15*S15 -> 0 | Y15: =HOUR(X15) -> 0 | Z15: =MINUTE(X15) -> 0 | AA15: =ROUND(Z15/60,2) -> 0 | AB15: =Y15+AA15 -> 0 | AC15: =ROUND(E15/240,2) -> 0 | AD15: =ROUND(AC15*100%,2) -> 0 | AE15: =ROUND(AC15+AD15,2) -> 0 | AF15: =AE15*AB15 -> 0 | AG15: =N15+W15+AF15 -> 0
A16: 8 | B16: - | C16: - | D16: - | G16: =HOUR(F16) -> 0 | H16: =MINUTE(F16) -> 0 | I16: =ROUND(H16/60,2) -> 0 | J16: =G16+I16 -> 0 | K16: =ROUND(E16/240,2) -> 0 | L16: =ROUND(K16*25%,2) -> 0 | M16: =K16+L16 -> 0 | N16: =ROUND(J16*M16,2) -> 0 | P16: =HOUR(O16) -> 0 | Q16: =MINUTE(O16) -> 0 | R16: =ROUND(Q16/60,2) -> 0 | S16: =P16+R16 -> 0 | T16: =ROUND(E16/240,2) -> 0 | U16: =ROUND(T16*60%,2) -> 0 | V16: =ROUND(T16+U16,2) -> 0 | W16: =V16*S16 -> 0 | Y16: =HOUR(X16) -> 0 | Z16: =MINUTE(X16) -> 0 | AA16: =ROUND(Z16/60,2) -> 0 | AB16: =Y16+AA16 -> 0 | AC16: =ROUND(E16/240,2) -> 0 | AD16: =ROUND(AC16*100%,2) -> 0 | AE16: =ROUND(AC16+AD16,2) -> 0 | AF16: =AE16*AB16 -> 0 | AG16: =N16+W16+AF16 -> 0
A17: 9 | B17: - | C17: - | D17: - | G17: =HOUR(F17) -> 0 | H17: =MINUTE(F17) -> 0 | I17: =ROUND(H17/60,2) -> 0 | J17: =G17+I17 -> 0 | K17: =ROUND(E17/240,2) -> 0 | L17: =ROUND(K17*25%,2) -> 0 | M17: =K17+L17 -> 0 | N17: =ROUND(J17*M17,2) -> 0 | P17: =HOUR(O17) -> 0 | Q17: =MINUTE(O17) -> 0 | R17: =ROUND(Q17/60,2) -> 0 | S17: =P17+R17 -> 0 | T17: =ROUND(E17/240,2) -> 0 | U17: =ROUND(T17*60%,2) -> 0 | V17: =ROUND(T17+U17,2) -> 0 | W17: =V17*S17 -> 0 | Y17: =HOUR(X17) -> 0 | Z17: =MINUTE(X17) -> 0 | AA17: =ROUND(Z17/60,2) -> 0 | AB17: =Y17+AA17 -> 0 | AC17: =ROUND(E17/240,2) -> 0 | AD17: =ROUND(AC17*100%,2) -> 0 | AE17: =ROUND(AC17+AD17,2) -> 0 | AF17: =AE17*AB17 -> 0 | AG17: =N17+W17+AF17 -> 0
A18: 10 | B18: - | C18: - | D18: - | G18: =HOUR(F18) -> 0 | H18: =MINUTE(F18) -> 0 | I18: =ROUND(H18/60,2) -> 0 | J18: =G18+I18 -> 0 | K18: =ROUND(E18/240,2) -> 0 | L18: =ROUND(K18*25%,2) -> 0 | M18: =K18+L18 -> 0 | N18: =ROUND(J18*M18,2) -> 0 | P18: =HOUR(O18) -> 0 | Q18: =MINUTE(O18) -> 0 | R18: =ROUND(Q18/60,2) -> 0 | S18: =P18+R18 -> 0 | T18: =ROUND(E18/240,2) -> 0 | U18: =ROUND(T18*60%,2) -> 0 | V18: =ROUND(T18+U18,2) -> 0 | W18: =V18*S18 -> 0 | Y18: =HOUR(X18) -> 0 | Z18: =MINUTE(X18) -> 0 | AA18: =ROUND(Z18/60,2) -> 0 | AB18: =Y18+AA18 -> 0 | AC18: =ROUND(E18/240,2) -> 0 | AD18: =ROUND(AC18*100%,2) -> 0 | AE18: =ROUND(AC18+AD18,2) -> 0 | AF18: =AE18*AB18 -> 0 | AG18: =N18+W18+AF18 -> 0
E19: =SUM(E9:E18) -> 0 | F19: TOTAL HORAS SUPLEMENTARIAS | N19: =SUM(N9:N18) -> 0 | O19: TOTAL HORAS EXTRAORDINARIAS 60% | W19: =SUM(W9:W18) -> 0 | X19: TOTAL HORAS EXTRAORDINARIAS 100% | AF19: =SUM(AF9:AF18) -> 0 | AG19: =+N19+AF19 -> 0
B21: Elaborado por: | L21: Revisado por: | X21: Aprobado por:
B23: Nombre del Analista de TH | L23: Nombre del Analista de TH | X23: Nombre del Director de TH
B24: ANALISTA DE TALENTO HUMANO 1 | L24: ANALISTA DE TALENTO HUMANO 1 | X24: DIRECTOR GENERAL DE TALENTO HUMANO

Sheet 2.ROL DE PAGO
C1: UNIVERSIDAD DE INVESTIGACIÓN DE TECNOLOGÍA EXPERIMENTAL YACHAY | E1: Código: GTH-DGTH-PRD-003-FO-007
C2: ROL DE PAGO DE HORAS SUPLEMENTARIAS Y EXTRAORDINARIAS
C3: PERSONAL RÉGIMEN LOSEP
C4: ='1.CÁLCULO CONSOLIDADO'!O4 -> DIRECCIÓN GENERAL DE PLANIFICACIÓN Y PROCESOS
C5: ='1.CÁLCULO CONSOLIDADO'!P5 -> JULIO | D5: ='1.CÁLCULO CONSOLIDADO'!R5 -> 2029
A7: Nº | B7: CÉDULA | C7: APELLIDOS Y NOMBRES | D7: CARGO OCUPACIONAL | E7: RMU ACTUAL | F7: LÍQUIDO A PAGAR
A8: ='1.CÁLCULO CONSOLIDADO'!A9 -> 1 | B8: ='1.CÁLCULO CONSOLIDADO'!B9 -> - | C8: ='1.CÁLCULO CONSOLIDADO'!C9 -> - | D8: ='1.CÁLCULO CONSOLIDADO'!D9 -> - | E8: ='1.CÁLCULO CONSOLIDADO'!E9 -> 0 | F8: ='1.CÁLCULO CONSOLIDADO'!AG9 -> 0
A9: ='1.CÁLCULO CONSOLIDADO'!A10 -> 2 | B9: ='1.CÁLCULO CONSOLIDADO'!B10 -> - | C9: ='1.CÁLCULO CONSOLIDADO'!C10 -> - | D9: ='1.CÁLCULO CONSOLIDADO'!D10 -> - | E9: ='1.CÁLCULO CONSOLIDADO'!E10 -> 0 | F9: ='1.CÁLCULO CONSOLIDADO'!AG10 -> 0
A10: ='1.CÁLCULO CONSOLIDADO'!A11 -> 3 | B10: ='1.CÁLCULO CONSOLIDADO'!B11 -> - | C10: ='1.CÁLCULO CONSOLIDADO'!C11 -> - | D10: ='1.CÁLCULO CONSOLIDADO'!D11 -> - | E10: ='1.CÁLCULO CONSOLIDADO'!E11 -> 0 | F10: ='1.CÁLCULO CONSOLIDADO'!AG11 -> 0
A11: ='1.CÁLCULO CONSOLIDADO'!A12 -> 4 | B11: ='1.CÁLCULO CONSOLIDADO'!B12 -> - | C11: ='1.CÁLCULO CONSOLIDADO'!C12 -> - | D11: ='1.CÁLCULO CONSOLIDADO'!D12 -> - | E11: ='1.CÁLCULO CONSOLIDADO'!E12 -> 0 | F11: ='1.CÁLCULO CONSOLIDADO'!AG12 -> 0
A12: ='1.CÁLCULO CONSOLIDADO'!A13 -> 5 | B12: ='1.CÁLCULO CONSOLIDADO'!B13 -> - | C12: ='1.CÁLCULO CONSOLIDADO'!C13 -> - | D12: ='1.CÁLCULO CONSOLIDADO'!D13 -> - | E12: ='1.CÁLCULO CONSOLIDADO'!E13 -> 0 | F12: ='1.CÁLCULO CONSOLIDADO'!AG13 -> 0
A13: ='1.CÁLCULO CONSOLIDADO'!A14 -> 6 | B13: ='1.CÁLCULO CONSOLIDADO'!B14 -> - | C13: ='1.CÁLCULO CONSOLIDADO'!C14 -> - | D13: ='1.CÁLCULO CONSOLIDADO'!D14 -> - | E13: ='1.CÁLCULO CONSOLIDADO'!E14 -> 0 | F13: ='1.CÁLCULO CONSOLIDADO'!AG14 -> 0
A14: ='1.CÁLCULO CONSOLIDADO'!A15 -> 7 | B14: ='1.CÁLCULO CONSOLIDADO'!B15 -> - | C14: ='1.CÁLCULO CONSOLIDADO'!C15 -> - | D14: ='1.CÁLCULO CONSOLIDADO'!D15 -> - | E14: ='1.CÁLCULO CONSOLIDADO'!E15 -> 0 | F14: ='1.CÁLCULO CONSOLIDADO'!AG15 -> 0
A15: ='1.CÁLCULO CONSOLIDADO'!A16 -> 8 | B15: ='1.CÁLCULO CONSOLIDADO'!B16 -> - | C15: ='1.CÁLCULO CONSOLIDADO'!C16 -> - | D15: ='1.CÁLCULO CONSOLIDADO'!D16 -> - | E15: ='1.CÁLCULO CONSOLIDADO'!E16 -> 0 | F15: ='1.CÁLCULO CONSOLIDADO'!AG16 -> 0
A16: ='1.CÁLCULO CONSOLIDADO'!A17 -> 9 | B16: ='1.CÁLCULO CONSOLIDADO'!B17 -> - | C16: ='1.CÁLCULO CONSOLIDADO'!C17 -> - | D16: ='1.CÁLCULO CONSOLIDADO'!D17 -> - | E16: ='1.CÁLCULO CONSOLIDADO'!E17 -> 0 | F16: ='1.CÁLCULO CONSOLIDADO'!AG17 -> 0
A17: ='1.CÁLCULO CONSOLIDADO'!A18 -> 10 | B17: ='1.CÁLCULO CONSOLIDADO'!B18 -> - | C17: ='1.CÁLCULO CONSOLIDADO'!C18 -> - | D17: ='1.CÁLCULO CONSOLIDADO'!D18 -> - | E17: ='1.CÁLCULO CONSOLIDADO'!E18 -> 0 | F17: ='1.CÁLCULO CONSOLIDADO'!AG18 -> 0
A18: TOTAL | F18: =SUM(F8:F17) -> 0
A20: Elaborado por: | D20: Revisado por: | E20: Aprobado por:
A22: Nombre del Analista de TH | D22: Nombre del Analista de TH | E22: Nombre del Director de TH
A23: ANALISTA DE TALENTO HUMANO 1 | D23: ANALISTA DE TALENTO HUMANO 1 | E23: DIRECTOR/A GENERAL DE TALENTO HUMANO

Sheet DATOS
C3: ENERO | D3: 2025 | E3: COORDINACIÓN GENERAL ADMINISTRATIVA FINANCIERA
C4: FEBRERO | D4: 2026 | E4: DIRECCIÓN DE RELACIONES INTERNACIONALES
C5: MARZO | D5: 2027 | E5: DIRECCIÓN DE ACREDITACION Y ASEGURAMIENTO DE LA CALIDAD
C6: ABRIL | D6: 2028 | E6: DIRECCIÓN DE BIBLIOTECAS
C7: MAYO | D7: 2029 | E7: DIRECCIÓN DE COMUNICACIÓN Y PROMOCIÓN
C8: JUNIO | D8: 2030 | E8: DIRECCIÓN DE IDIOMAS
C9: JULIO | D9: 2031 | E9: DIRECCIÓN DE VINCULACIÓN CON LA SOCIEDAD
C10: AGOSTO | D10: 2032 | E10: DIRECCIÓN GENERAL ADMINISTRATIVA
C11: SEPTIEMBRE | D11: 2033 | E11: DIRECCIÓN GENERAL DE BIENESTAR UNIVERSITARIO
C12: OCTUBRE | D12: 2034 | E12: DIRECCIÓN GENERAL DE INVESTIGACIÓN E INNOVACIÓN
C13: NOVIEMBRE | D13: 2035 | E13: DIRECCIÓN GENERAL DE PLANIFICACIÓN Y PROCESOS
C14: DICIEMBRE | E14: DIRECCIÓN GENERAL DE POSGRADOS
E15: DIRECCIÓN GENERAL DE SERVICIOS ACADÉMICOS
E16: DIRECCIÓN GENERAL DE TALENTO HUMANO
E17: DIRECCIÓN GENERAL DE TECNOLOGÍAS DE LA INFORMACIÓN Y COMUNICACIONES
E18: DIRECCIÓN GENERAL FINANCIERA
E19: DIRECCIÓN GENERAL JURÍDICA
E20: ESCUELA DE CIENCIAS AGROPECUARIAS Y AGROINDUSTRIALES
E21: ESCUELA DE CIENCIAS BIOLÓGICAS E INGENIERÍA
E22: ESCUELA DE CIENCIAS DE LA TIERRA, ENERGÍA Y AMBIENTE
E23: ESCUELA DE CIENCIAS FÍSICAS Y NANOTECNOLOGÍA
E24: ESCUELA DE CIENCIAS MATEMÁTICAS Y COMPUTACIONALES
E25: ESCUELA DE CIENCIAS QUÍMICAS E INGENIERÍA
E26: RECTORADO
... E29: VICERRECTORADO DE INVESTIGACIÓN
